[
    {
        "UserId": "vrf3y1sa154dpqf3",
        "DislayId": "82892628",
        "firstName": "Алексей",
        "lastName": "Алексей",
        "middleName": "Константинович",
        "Date": "07.08.2009",
        "phone": "+79523235502",
        "email": "antalkon789@mail.ru",
        "password": "$2b$10$idStYOGU0i9uzbipICvKyOnm/ObhorA.u/k4iYLj9yGdaCg1YH3ku",
        "activationLink": "eyJhbGciOiJIUzI1NiIsInR5cCI6IkpXVCJ9.eyJlbWFpbCI6ImFudGFsa29uNzg5QG1haWwucnUiLCJpYXQiOjE3MDg1MjkzODEsImV4cCI6MTcwODUzMDI4MX0.Md0Ea_-XhSAUJ5ylyMCvynzyGSXVmPqMEEavjMVSELQ",
        "isActivated": true,
        "tempCode": null,
        "refreshToken": "eyJhbGciOiJIUzI1NiIsInR5cCI6IkpXVCJ9.eyJ1c2VySWQiOiJ2cmYzeTFzYTE1NGRwcWYzIiwiaWF0IjoxNzA4NTM0NTg2fQ.mo3At5EQ9Lcl1736Hmxoc3dbkWzEFU4DG2Awqq-FIDs",
        "accessToken": "eyJhbGciOiJIUzI1NiIsInR5cCI6IkpXVCJ9.eyJ1c2VySWQiOiJhbnRhbGtvbjc4OUBtYWlsLnJ1IiwiaWF0IjoxNzA4NTM0NTg2LCJleHAiOjE3MDg1MzU0ODZ9.BtJ3PSHimxkYO0tu4TRdPh7WvfNlyr3lu0gGFBqT_iA"
    }
]